Date,Location,TimeOfDay,ClutchID,Height_cm,Observer,Year,Unique.ID,Start Time,,Day 0,,Substrate,Found_On,IncludeForSubStudy,Notes
20110707,LDP,dawn,CH03,50,HJ,2011,LDPCH032011,6:00,,7/7/11,,leaf,Found_Day0,Yes,
20110710,LDP,dawn,CH04,100,HJ,2011,LDPCH042011,6:00,,7/10/11,,grass,Found_Day0,Yes,
20110716,LDP,dawn,CHL01,82,SP,2011,LDPCHL012011,6:00,,7/16/11,,grass,Found_Day0,Yes,
20110716,LDP,dawn,CHL02,72,SP,2011,LDPCHL022011,6:00,,7/16/11,,grass,Found_Day0,Yes,
20110717,LDP,dawn,CHL03,97,SP,2011,LDPCHL032011,6:00,,7/17/11,,grass,Found_Day0,Yes,
20110722,LDP,dawn,CHL04,69,AR,2011,LDPCHL042011,6:00,,7/22/11,,unk,Found_Day0,Yes,
20110723,LDP,dawn,CHL05,42,HJ,2011,LDPCHL052011,6:00,,7/23/11,,grass,Found_Day0,Yes,
20110726,LDP,dawn,CHL08,92,SP,2011,LDPCHL082011,6:00,,7/26/11,,grass,Found_Day0,Yes,
20110727,LDP,dawn,CHL09,43,AR,2011,LDPCHL092011,6:00,,7/27/11,,grass,Found_Day0,Yes,
20110727,LDP,dawn,CHL10,39,AR,2011,LDPCHL102011,6:00,,7/27/11,,grass,Found_Day0,Yes,
20110728,LDP,dawn,CHL11,58,AR,2011,LDPCHL112011,6:00,,7/28/11,,grass,Found_Day0,Yes,
20110728,LDP,dawn,CHL12,33,AR,2011,LDPCHL122011,6:00,,7/28/11,,grass,Found_Day0,Yes,
20110729,LDP,dawn,CHL13,58,AR,2011,LDPCHL132011,6:00,,7/29/11,,grass,Found_Day0,Yes,
20110731,LDP,dawn,CHL15,34,AR,2011,LDPCHL152011,6:00,,7/31/11,,grass,Found_Day0,Yes,
20110731,LDP,dawn,CHL16,41,AR,2011,LDPCHL162011,6:00,,7/31/11,,grass,Found_Day0,Yes,
20110731,UDP,dawn,CHU001,29,SP,2011,UDPCHU0012011,6:00,,7/31/11,,forb,Found_Day0,Yes,
20110801,LDP,dawn,CHL18,62,AR,2011,LDPCHL182011,6:00,,8/1/11,,grass,Found_Day0,Yes,
20110801,LDP,dawn,CHL17,61,AR,2011,LDPCHL172011,6:00,,8/1/11,,grass,Found_Day0,Yes,
20110802,UDP,dawn,CHU1,53,AR,2011,UDPCHU12011,6:00,,8/2/11,,forb,Found_Day0,Yes,
20110802,LDP,dawn,CHL19,41,SP,2011,LDPCHL192011,6:00,,8/2/11,,grass,Found_Day0,Yes,
20110803,UDP,dawn,CHU3,25,AR,2011,UDPCHU32011,6:00,,8/3/11,,forb,Found_Day0,Yes,
20110803,UDP,dawn,CHU4,5,AR,2011,UDPCHU42011,6:00,,8/3/11,,forb,Found_Day0,Yes,
20110804,UDP,dawn,CHU23,30,AR,2011,UDPCHU232011,6:00,,8/4/11,,forb,Found_Day0,Yes,
20110804,UDP,dawn,CHU24,26,AR,2011,UDPCHU242011,6:00,,8/4/11,,forb,Found_Day0,Yes,
20110804,UDP,dawn,CHU16,13,AR,2011,UDPCHU162011,6:00,,8/4/11,,forb,Found_Day0,Yes,
20110804,UDP,dawn,CHU17,23,AR,2011,UDPCHU172011,6:00,,8/4/11,,forb,Found_Day0,Yes,
20110804,UDP,dawn,CHU19,22,AR,2011,UDPCHU192011,6:00,,8/4/11,,forb,Found_Day0,Yes,
20110804,UDP,dawn,CHU20,55,AR,2011,UDPCHU202011,6:00,,8/4/11,,grass,Found_Day0,Yes,
20110804,UDP,dawn,CHU21,13,AR,2011,UDPCHU212011,6:00,,8/4/11,,grass,Found_Day0,Yes,
20110804,UDP,dawn,CHU22,33,AR,2011,UDPCHU222011,6:00,,8/4/11,,grass,Found_Day0,Yes,
20110804,UDP,dawn,CHU9,28,LJ,2011,UDPCHU92011,6:00,,8/4/11,,leaf,Found_Day0,Yes,
20110804,UDP,dawn,CHU10,47,LJ,2011,UDPCHU102011,6:00,,8/4/11,,leaf,Found_Day0,Yes,
20110804,UDP,dawn,CHU11,29,LJ,2011,UDPCHU112011,6:00,,8/4/11,,leaf,Found_Day0,Yes,
20110804,UDP,dawn,CHU12,49,LJ,2011,UDPCHU122011,6:00,,8/4/11,,leaf,Found_Day0,Yes,
20110804,UDP,dawn,CHU13,23,LJ,2011,UDPCHU132011,6:00,,8/4/11,,leaf,Found_Day0,Yes,
20110804,UDP,dawn,CHU14,7,LJ,2011,UDPCHU142011,6:00,,8/4/11,,leaf,Found_Day0,Yes,
20110804,UDP,dawn,CHU15,14,LJ,2011,UDPCHU152011,6:00,,8/4/11,,leaf,Found_Day0,Yes,
20110805,UDP,dawn,CHU25,14,AR,2011,UDPCHU252011,6:00,,8/5/11,,forb,Found_Day0,Yes,
20110805,UDP,dawn,CHU26,24,AR,2011,UDPCHU262011,6:00,,8/5/11,,forb,Found_Day0,Yes,
20110805,UDP,dawn,CHU27,42,AR,2011,UDPCHU272011,6:00,,8/5/11,,unk,Found_Day0,Yes,
20110805,UDP,dawn,CHU28,16,AR,2011,UDPCHU282011,6:00,,8/5/11,,forb,Found_Day0,Yes,
20110805,UDP,dawn,CHU29,34,AR,2011,UDPCHU292011,6:00,,8/5/11,,forb,Found_Day0,Yes,
20110805,UDP,dawn,CHU30,23,AR,2011,UDPCHU302011,6:00,,8/5/11,,forb,Found_Day0,Yes,
20110805,UDP,dawn,CHU31,42,AR,2011,UDPCHU312011,6:00,,8/5/11,,forb,Found_Day0,Yes,
20110805,UDP,dawn,CHU32,28,AR,2011,UDPCHU322011,6:00,,8/5/11,,forb,Found_Day0,Yes,
20110805,UDP,dawn,CHU33,7,AR,2011,UDPCHU332011,6:00,,8/5/11,,forb,Found_Day0,Yes,
20110805,UDP,dawn,CHU34,3,AR,2011,UDPCHU342011,6:00,,8/5/11,,forb,Found_Day0,Yes,
20110805,UDP,dawn,CHU35,13,AR,2011,UDPCHU352011,6:00,,8/5/11,,forb,Found_Day0,Yes,
20110806,UDP,dawn,CHU36,3,AR,2011,UDPCHU362011,6:00,,8/6/11,,forb,Found_Day0,Yes,
20110806,UDP,dawn,CHU37,39,AR,2011,UDPCHU372011,6:00,,8/6/11,,forb,Found_Day0,Yes,
20110806,UDP,dawn,CHU38,16,AR,2011,UDPCHU382011,6:00,,8/6/11,,grass,Found_Day0,Yes,
20110806,UDP,dawn,CHU39,15,AR,2011,UDPCHU392011,6:00,,8/6/11,,grass,Found_Day0,Yes,
20110806,UDP,dawn,CHU40,37,AR,2011,UDPCHU402011,6:00,,8/6/11,,forb,Found_Day0,Yes,
20110806,UDP,dawn,CHU42,22,AR,2011,UDPCHU422011,6:00,,8/6/11,,forb,Found_Day0,Yes,
20110806,UDP,dawn,CHU41,15,AR,2011,UDPCHU412011,6:00,,8/6/11,,grass,Found_Day0,Yes,
20110806,UDP,dawn,CHU45,33,AR,2011,UDPCHU452011,6:00,,8/6/11,,forb,Found_Day0,Yes,
20110806,UDP,dawn,CHU43,71,AR,2011,UDPCHU432011,6:00,,8/6/11,,forb,Found_Day0,Yes,
20110806,UDP,dawn,CHU44,21,AR,2011,UDPCHU442011,6:00,,8/6/11,,forb,Found_Day0,Yes,
20110806,UDP,dawn,CHU47,17,AR,2011,UDPCHU472011,6:00,,8/6/11,,forb,Found_Day0,Yes,
20110806,LDP,dawn,CHL21,91,SP,2011,LDPCHL212011,6:00,,8/6/11,,grass,Found_Day0,Yes,
20110807,UDP,dawn,CHU48,43,HJ,2011,UDPCHU482011,6:00,,8/7/11,,forb,Found_Day0,Yes,
20110807,UDP,dawn,CHU49,38,HJ,2011,UDPCHU492011,6:00,,8/7/11,,forb,Found_Day0,Yes,
20110807,UDP,dawn,CHU50,7,HJ,2011,UDPCHU502011,6:00,,8/7/11,,forb,Found_Day0,Yes,
20110807,LDP,dawn,CHL22,29,SP,2011,LDPCHL222011,6:00,,8/7/11,,grass,Found_Day0,Yes,
20110807,LDP,dawn,CHL23,55,SP,2011,LDPCHL232011,6:00,,8/7/11,,grass,Found_Day0,Yes,
20110808,UDP,dawn,CHU52,4,HJ,2011,UDPCHU522011,6:00,,8/8/11,,grass,Found_Day0,Yes,
20110808,UDP,dawn,CHU57,32,HJ,2011,UDPCHU572011,6:00,,8/8/11,,herb/forb,Found_Day0,Yes,
20110808,LDP,dawn,CHL24,53,SP,2011,LDPCHL242011,6:00,,8/8/11,,grass,Found_Day0,Yes,
20110809,UDP,dawn,CHU60,8,HJ,2011,UDPCHU602011,6:00,,8/9/11,,forb,Found_Day0,Yes,
20110809,UDP,dawn,CHU61,46,HJ,2011,UDPCHU612011,6:00,,8/9/11,,forb,Found_Day0,Yes,
20110809,UDP,dawn,CHU62,41,HJ,2011,UDPCHU622011,6:00,,8/9/11,,forb,Found_Day0,Yes,
20110809,UDP,dawn,CHU63,12,HJ,2011,UDPCHU632011,6:00,,8/9/11,,forb,Found_Day0,Yes,
20110809,UDP,dawn,CHU64,27,HJ,2011,UDPCHU642011,6:00,,8/9/11,,forb,Found_Day0,Yes,
20110809,UDP,dawn,CHU66,9,HJ,2011,UDPCHU662011,6:00,,8/9/11,,leaf,Found_Day0,Yes,
20110809,UDP,dawn,CHU69,5,HJ,2011,UDPCHU692011,6:00,,8/9/11,,forb,Found_Day0,Yes,
20110809,UDP,dawn,CHU72,16,HJ,2011,UDPCHU722011,6:00,,8/9/11,,grass,Found_Day0,Yes,
20110809,LDP,dawn,CHL25,62,SP,2011,LDPCHL252011,6:00,,8/9/11,,grass,Found_Day0,Yes,
20110810,UDP,dawn,CHU74,6,HJ,2011,UDPCHU742011,6:00,,8/10/11,,"forb, leaf",Found_Day0,Yes,
20110810,UDP,dawn,CHU77,20,HJ,2011,UDPCHU772011,6:00,,8/10/11,,forb,Found_Day0,Yes,
20110810,UDP,dawn,CHU78,18,HJ,2011,UDPCHU782011,6:00,,8/10/11,,forb,Found_Day0,Yes,
20110810,UDP,dawn,CHU80,42,HJ,2011,UDPCHU802011,6:00,,8/10/11,,forb,Found_Day0,Yes,
20110811,UDP,dawn,CHU81,55,AR,2011,UDPCHU812011,6:00,,8/11/11,,forb,Found_Day0,Yes,
20110811,UDP,dawn,CHU82,3,AR,2011,UDPCHU822011,6:00,,8/11/11,,forb,Found_Day0,Yes,
20110811,UDP,dawn,CHU83,18,AR,2011,UDPCHU832011,6:00,,8/11/11,,forb,Found_Day0,Yes,
20110812,UDP,dawn,CHU84,52,HJ,2011,UDPCHU842011,6:00,,8/12/11,,"forb, leaf",Found_Day0,Yes,
20110812,UDP,dawn,CHU85,28,HJ,2011,UDPCHU852011,6:00,,8/12/11,,fern,Found_Day0,Yes,
20110812,UDP,dawn,CHU86,19,HJ,2011,UDPCHU862011,6:00,,8/12/11,,rock,Found_Day0,Yes,
20110812,UDP,dawn,CHU90,64,HJ,2011,UDPCHU902011,6:00,,8/12/11,,leaf,Found_Day0,Yes,
20110812,LDP,dawn,CHL26,72,SP,2011,LDPCHL262011,6:00,,8/12/11,,grass,Found_Day0,Yes,
20110813,UDP,dawn,CHU91,59,LJ,2011,UDPCHU912011,6:00,,8/13/11,,leaf,Found_Day0,Yes,
20110813,UDP,dawn,CHU92,14,LJ,2011,UDPCHU922011,6:00,,8/13/11,,forb leaf,Found_Day0,Yes,
20110813,UDP,dawn,CHU93,57,LJ,2011,UDPCHU932011,6:00,,8/13/11,,forb leaf,Found_Day0,Yes,
20110813,UDP,dawn,CHU94,43,LJ,2011,UDPCHU942011,6:00,,8/13/11,,forb leaf,Found_Day0,Yes,
20110813,UDP,dawn,CHU95,123,LJ,2011,UDPCHU952011,6:00,,8/13/11,,forb leaf,Found_Day0,Yes,
20110813,UDP,dawn,CHU96,131,LJ,2011,UDPCHU962011,6:00,,8/13/11,,forb leaf,Found_Day0,Yes,
20110813,UDP,dawn,CHU97,102,LJ,2011,UDPCHU972011,6:00,,8/13/11,,forb leaf,Found_Day0,Yes,
20110813,UDP,dawn,CHU98,84,LJ,2011,UDPCHU982011,6:00,,8/13/11,,forb leaf,Found_Day0,Yes,
20110813,UDP,dawn,CHU99,23,LJ,2011,UDPCHU992011,6:00,,8/13/11,,fern leaf,Found_Day0,Yes,
20110813,UDP,dawn,CHU100,29,LJ,2011,UDPCHU1002011,6:00,,8/13/11,,forb leaf,Found_Day0,Yes,
20110813,UDP,dawn,CHU101,21,LJ,2011,UDPCHU1012011,6:00,,8/13/11,,forb leaf,Found_Day0,Yes,
20110813,UDP,dawn,CHU102,14,LJ,2011,UDPCHU1022011,6:00,,8/13/11,,forb leaf,Found_Day0,Yes,
20110813,UDP,dawn,CHU103,20,LJ,2011,UDPCHU1032011,6:00,,8/13/11,,forb leaf,Found_Day0,Yes,
20110813,UDP,dawn,CHU104,6,LJ,2011,UDPCHU1042011,6:00,,8/13/11,,forb leaf,Found_Day0,Yes,
20110813,UDP,dawn,CHU105,21,LJ,2011,UDPCHU1052011,6:00,,8/13/11,,forb leaf,Found_Day0,Yes,
20110814,UDP,dawn,CHU106,9,LJ,2011,UDPCHU1062011,6:00,,8/14/11,,forb leaf,Found_Day0,Yes,
20110814,UDP,dawn,CHU107,8,LJ,2011,UDPCHU1072011,6:00,,8/14/11,,forb leaf,Found_Day0,Yes,
20110814,UDP,dawn,CHU108,26,LJ,2011,UDPCHU1082011,6:00,,8/14/11,,forb leaf,Found_Day0,Yes,
20110814,UDP,dawn,CHU109,10,LJ,2011,UDPCHU1092011,6:00,,8/14/11,,forb leaf,Found_Day0,Yes,
20110814,UDP,dawn,CHU111,52,LJ,2011,UDPCHU1112011,6:00,,8/14/11,,forb leaf,Found_Day0,Yes,
20110814,UDP,dawn,CHU113,58,LJ,2011,UDPCHU1132011,6:00,,8/14/11,,unk,Found_Day0,Yes,
20110814,UDP,dawn,CHU114,86,LJ,2011,UDPCHU1142011,6:00,,8/14/11,,forb leaf,Found_Day0,Yes,
20110815,UDP,dawn,CHU116,50,LJ,2011,UDPCHU1162011,6:00,,8/15/11,,forb leaf,Found_Day0,Yes,
20110815,UDP,dawn,CHU117,78,LJ,2011,UDPCHU1172011,6:00,,8/15/11,,forb leaf,Found_Day0,Yes,
20110815,UDP,dawn,CHU118,62,LJ,2011,UDPCHU1182011,6:00,,8/15/11,,inside folded forb leaf,Found_Day0,Yes,
20110815,UDP,dawn,CHU119,77,LJ,2011,UDPCHU1192011,6:00,,8/15/11,,forb leaf,Found_Day0,Yes,
20110815,UDP,dawn,CHU120,79,LJ,2011,UDPCHU1202011,6:00,,8/15/11,,forb leaf,Found_Day0,Yes,
20110815,UDP,dawn,CHU121,180,LJ,2011,UDPCHU1212011,6:00,,8/15/11,,forb leaf,Found_Day0,Yes,
20110815,UDP,dawn,CHU122,90,LJ,2011,UDPCHU1222011,6:00,,8/15/11,,forb leaf,Found_Day0,Yes,
20110815,UDP,dawn,CHU126,300,LJ,2011,UDPCHU1262011,6:00,,8/15/11,,tree leaf,Found_Day0,Yes,
20110815,UDP,dawn,CHU125,27,LJ,2011,UDPCHU1252011,6:00,,8/15/11,,rock,Found_Day0,Yes,
20110815,UDP,dawn,CHU123,28,LJ,2011,UDPCHU1232011,6:00,,8/15/11,,fern leaf,Found_Day0,Yes,
20110815,UDP,dawn,CHU124,44,LJ,2011,UDPCHU1242011,6:00,,8/15/11,,fern leaf,Found_Day0,Yes,
20110816,UDP,dawn,CHU128,66,LJ,2011,UDPCHU1282011,6:00,,8/16/11,,forb leaf,Found_Day0,Yes,
20110816,UDP,dawn,CHU129,31,LJ,2011,UDPCHU1292011,6:00,,8/16/11,,tree stump,Found_Day0,Yes,
20110816,UDP,dawn,CHU130,28,LJ,2011,UDPCHU1302011,6:00,,8/16/11,,forb leaf,Found_Day0,Yes,
20110816,UDP,dawn,CHU131,69,LJ,2011,UDPCHU1312011,6:00,,8/16/11,,grass blade,Found_Day0,Yes,
20110816,UDP,dawn,CHU132,110,LJ,2011,UDPCHU1322011,6:00,,8/16/11,,forb leaf,Found_Day0,Yes,
20110816,UDP,dawn,CHU136,93,LJ,2011,UDPCHU1362011,6:00,,8/16/11,,tree,Found_Day0,Yes,
20110816,UDP,dawn,CHU134,17,LJ,2011,UDPCHU1342011,6:00,,8/16/11,,forb leaf,Found_Day0,Yes,
20110816,UDP,dawn,CHU133,32,LJ,2011,UDPCHU1332011,6:00,,8/16/11,,forb leaf,Found_Day0,Yes,
20110816,UDP,dawn,CHU140,17,LJ,2011,UDPCHU1402011,6:00,,8/16/11,,dead tree leaf,Found_Day0,Yes,
20110816,UDP,dawn,CHU142,52,LJ,2011,UDPCHU1422011,6:00,,8/16/11,,fern leaf,Found_Day0,Yes,
20110816,UDP,dawn,CHU143,60,LJ,2011,UDPCHU1432011,6:00,,8/16/11,,forb leaf,Found_Day0,Yes,
20110816,UDP,dawn,CHU144,7,LJ,2011,UDPCHU1442011,6:00,,8/16/11,,forb leaf,Found_Day0,Yes,
20110816,UDP,dawn,CHU145,22,LJ,2011,UDPCHU1452011,6:00,,8/16/11,,fern leaf,Found_Day0,Yes,
20110816,UDP,dawn,CHU146,45,LJ,2011,UDPCHU1462011,6:00,,8/16/11,,forb leaf,Found_Day0,Yes,
20110816,UDP,dawn,CHU147,116,LJ,2011,UDPCHU1472011,6:00,,8/16/11,,stem/forb leaf,Found_Day0,Yes,
20110816,UDP,dawn,CHU148,77,LJ,2011,UDPCHU1482011,6:00,,8/16/11,,inside forb leaf,Found_Day0,Yes,
20110816,LDP,dawn,CHL27,76,SP,2011,LDPCHL272011,6:00,,8/16/11,,grass,Found_Day0,Yes,
20110817,UDP,dawn,CHU157,9,HJ,2011,UDPCHU1572011,6:00,,8/17/11,,grass,Found_Day0,Yes,
20110817,UDP,dawn,CHU156,22,HJ,2011,UDPCHU1562011,6:00,,8/17/11,,grass,Found_Day0,Yes,
20110817,UDP,dawn,CHU155,56,HJ,2011,UDPCHU1552011,6:00,,8/17/11,,rock,Found_Day0,Yes,
20110817,UDP,dawn,CHU154,25,HJ,2011,UDPCHU1542011,6:00,,8/17/11,,fern,Found_Day0,Yes,
20110817,UDP,dawn,CHU152,10,HJ,2011,UDPCHU1522011,6:00,,8/17/11,,fern,Found_Day0,Yes,
20110817,UDP,dawn,CHU153,13,HJ,2011,UDPCHU1532011,6:00,,8/17/11,,fern,Found_Day0,Yes,
20110817,UDP,dawn,CHU149,110,SP,2011,UDPCHU1492011,6:00,,8/17/11,,grass,Found_Day0,Yes,
20110817,UDP,dawn,CHU150,12,SP,2011,UDPCHU1502011,6:00,,8/17/11,,forb (fern),Found_Day0,Yes,
20110817,UDP,dawn,CHU151,8,SP,2011,UDPCHU1512011,6:00,,8/17/11,,forb (fern),Found_Day0,Yes,
20110818,UDP,dawn,CHU159,28,HJ,2011,UDPCHU1592011,6:00,,8/18/11,,forb,Found_Day0,Yes,
20110818,UDP,dawn,CHU160,17,HJ,2011,UDPCHU1602011,6:00,,8/18/11,,leaf,Found_Day0,Yes,
20110818,UDP,dawn,CHU162,14,HJ,2011,UDPCHU1622011,6:00,,8/18/11,,fern,Found_Day0,Yes,
20110818,UDP,dawn,CHU163,61,HJ,2011,UDPCHU1632011,6:00,,8/18/11,,fern,Found_Day0,Yes,
20110818,UDP,dawn,CHU164,21,HJ,2011,UDPCHU1642011,6:00,,8/18/11,,fern,Found_Day0,Yes,
20110818,UDP,dawn,CHU165,53,HJ,2011,UDPCHU1652011,6:00,,8/18/11,,fern,Found_Day0,Yes,
20110818,UDP,dawn,CHU166,21,HJ,2011,UDPCHU1662011,6:00,,8/18/11,,dead wood,Found_Day0,Yes,
20110818,UDP,dawn,CHU167,73,HJ,2011,UDPCHU1672011,6:00,,8/18/11,,fern,Found_Day0,Yes,
20110818,UDP,dawn,CHU168,48,HJ,2011,UDPCHU1682011,6:00,,8/18/11,,fern,Found_Day0,Yes,
20110818,UDP,dawn,CHU169,41,HJ,2011,UDPCHU1692011,6:00,,8/18/11,,fern,Found_Day0,Yes,
20110818,UDP,dawn,CHU170,34,HJ,2011,UDPCHU1702011,6:00,,8/18/11,,fern,Found_Day0,Yes,
20110818,UDP,dawn,CHU171,38,HJ,2011,UDPCHU1712011,6:00,,8/18/11,,fern,Found_Day0,Yes,
20110818,UDP,dawn,CHU172,44,HJ,2011,UDPCHU1722011,6:00,,8/18/11,,fern,Found_Day0,Yes,
20110818,UDP,dawn,CHU178,10,LJ,2011,UDPCHU1782011,6:00,,8/18/11,,grass,Found_Day0,Yes,
20110818,UDP,dawn,CHU177,102,LJ,2011,UDPCHU1772011,6:00,,8/18/11,,forb leaf,Found_Day0,Yes,
20110818,UDP,dawn,CHU175,100,LJ,2011,UDPCHU1752011,6:00,,8/18/11,,forb leaf,Found_Day0,Yes,
20110818,UDP,dawn,CHU174,97,LJ,2011,UDPCHU1742011,6:00,,8/18/11,,grass,Found_Day0,Yes,
20110818,UDP,dawn,CHU176,100,LJ,2011,UDPCHU1762011,6:00,,8/18/11,,forb leaf,Found_Day0,Yes,
20110819,UDP,dawn,CHU179,24,LJ,2011,UDPCHU1792011,6:00,,8/19/11,,grass,Found_Day0,Yes,
20110819,UDP,dawn,CHU186,28,LJ,2011,UDPCHU1862011,6:00,,8/19/11,,forb leaf,Found_Day0,Yes,
20110819,UDP,dawn,CHU182,50,LJ,2011,UDPCHU1822011,6:00,,8/19/11,,forb leaf,Found_Day0,Yes,
20110819,UDP,dawn,CHU187,80,LJ,2011,UDPCHU1872011,6:00,,8/19/11,,forb leaf,Found_Day0,Yes,
20110819,UDP,dawn,CHU188,10,LJ,2011,UDPCHU1882011,6:00,,8/19/11,,forb leaf,Found_Day0,Yes,
20110819,UDP,dawn,CHU189,8,LJ,2011,UDPCHU1892011,6:00,,8/19/11,,tree branch,Found_Day0,Yes,
20110819,UDP,dawn,CHU190,24,LJ,2011,UDPCHU1902011,6:00,,8/19/11,,forb leaf,Found_Day0,Yes,
20110819,UDP,dawn,CHU195,34,SP,2011,UDPCHU1952011,6:00,,8/19/11,,forb,Found_Day0,Yes,
20110819,UDP,dawn,CHU194,6,SP,2011,UDPCHU1942011,6:00,,8/19/11,,forb,Found_Day0,Yes,
20110819,UDP,dawn,CHU193,12,SP,2011,UDPCHU1932011,6:00,,8/19/11,,forb stem,Found_Day0,Yes,
20110819,UDP,dawn,CHU192,36,SP,2011,UDPCHU1922011,6:00,,8/19/11,,forb,Found_Day0,Yes,
20110819,UDP,dawn,CHU180,12,SP,2011,UDPCHU1802011,6:00,,8/19/11,,forb,Found_Day0,Yes,
20110820,UDP,dawn,CHU207,125,SP,2011,UDPCHU2072011,6:00,,8/20/11,,log,Found_Day0,Yes,
20110820,UDP,dawn,CHU206,14,SP,2011,UDPCHU2062011,6:00,,8/20/11,,forb (fern),Found_Day0,Yes,
20110820,UDP,dawn,CHU205,75,SP,2011,UDPCHU2052011,6:00,,8/20/11,,forb (fern),Found_Day0,Yes,
20110820,UDP,dawn,CHU204,23,SP,2011,UDPCHU2042011,6:00,,8/20/11,,grass,Found_Day0,Yes,
20110821,UDP,dawn,CHU209,18,LJ,2011,UDPCHU2092011,6:00,,8/21/11,,forb leaf,Found_Day0,Yes,
20110821,UDP,dawn,CHU210,20,LJ,2011,UDPCHU2102011,6:00,,8/21/11,,forb leaf,Found_Day0,Yes,
20110821,UDP,dawn,CHU211,15,LJ,2011,UDPCHU2112011,6:00,,8/21/11,,forb leaf,Found_Day0,Yes,
20110821,UDP,dawn,CHU212,17,LJ,2011,UDPCHU2122011,6:00,,8/21/11,,forb leaf,Found_Day0,Yes,
20110821,UDP,dawn,CHU213,21,LJ,2011,UDPCHU2132011,6:00,,8/21/11,,forb leaf,Found_Day0,Yes,
20110821,UDP,dawn,CHU222,14,LJ,2011,UDPCHU2222011,6:00,,8/21/11,,forb leaf,Found_Day0,Yes,
20110821,UDP,dawn,CHU215,22,LJ,2011,UDPCHU2152011,6:00,,8/21/11,,forb leaf,Found_Day0,Yes,
20110821,UDP,dawn,CHU214,89,LJ,2011,UDPCHU2142011,6:00,,8/21/11,,grass leaf,Found_Day0,Yes,
20110821,UDP,dawn,CHU216,43,LJ,2011,UDPCHU2162011,6:00,,8/21/11,,fern,Found_Day0,Yes,
20110821,UDP,dawn,CHU217,50,LJ,2011,UDPCHU2172011,6:00,,8/21/11,,fern,Found_Day0,Yes,
20110821,UDP,dawn,CHU221,15,SP,2011,UDPCHU2212011,6:00,,8/21/11,,forb (fern),Found_Day0,Yes,
20110821,UDP,dawn,CHU220,11,SP,2011,UDPCHU2202011,6:00,,8/21/11,,forb,Found_Day0,Yes,
20110822,UDP,dawn,CHU223RN,20,Hey&Ken,2011,UDPCHU223RN2011,6:00,,8/22/11,,forb,Found_Day0,Yes,
20110822,UDP,dawn,CHU224RS,9,Hey&Ken,2011,UDPCHU224RS2011,6:00,,8/22/11,,forb,Found_Day0,Yes,
20110822,UDP,dawn,CHU225RN,24,Hey&Ken,2011,UDPCHU225RN2011,6:00,,8/22/11,,forb,Found_Day0,Yes,
20110822,UDP,dawn,CHU228RS,6,Hey&Ken,2011,UDPCHU228RS2011,6:00,,8/22/11,,forb,Found_Day0,Yes,
20110822,UDP,dawn,CHU229RN,7,Hey&Ken,2011,UDPCHU229RN2011,6:00,,8/22/11,,forb,Found_Day0,Yes,
20110822,UDP,dawn,CHU230CS,12,Hey&Ken,2011,UDPCHU230CS2011,6:00,,8/22/11,,forb,Found_Day0,Yes,
20110822,UDP,dawn,CHU231RS,16,Hey&Ken,2011,UDPCHU231RS2011,6:00,,8/22/11,,forb,Found_Day0,Yes,
20110822,UDP,dawn,CHU232CS,68,Hey&Ken,2011,UDPCHU232CS2011,6:00,,8/22/11,,forb,Found_Day0,Yes,
20110822,UDP,dawn,CHU234CS,20,Hey&Ken,2011,UDPCHU234CS2011,6:00,,8/22/11,,forb,Found_Day0,Yes,
20110823,UDP,dawn,CHU236,9,AR,2011,UDPCHU2362011,6:00,,8/23/11,,forb,Found_Day0,Yes,
20110823,UDP,dawn,CHU237,7,AR,2011,UDPCHU2372011,6:00,,8/23/11,,forb,Found_Day0,Yes,
20110823,UDP,dawn,CHU239,40,AR,2011,UDPCHU2392011,6:00,,8/23/11,,forb,Found_Day0,Yes,
20110823,UDP,dawn,CHU242,12,AR,2011,UDPCHU2422011,6:00,,8/23/11,,forb,Found_Day0,Yes,
20110823,UDP,dawn,CHU243,76,AR,2011,UDPCHU2432011,6:00,,8/23/11,,forb,Found_Day0,Yes,
20110823,UDP,dawn,CHU244,62,AR,2011,UDPCHU2442011,6:00,,8/23/11,,forb,Found_Day0,Yes,
20110823,UDP,dawn,CHU245,7,AR,2011,UDPCHU2452011,6:00,,8/23/11,,forb,Found_Day0,Yes,
20110823,UDP,dawn,CHU246,19,AR,2011,UDPCHU2462011,6:00,,8/23/11,,forb,Found_Day0,Yes,
20110823,UDP,dawn,CHU248,15,AR,2011,UDPCHU2482011,6:00,,8/23/11,,grass,Found_Day0,Yes,
20110823,UDP,dawn,CHU235 CS,53,SP,2011,UDPCHU235 CS2011,6:00,,8/23/11,,forb,Found_Day0,Yes,
20110823,UDP,dawn,CHU240 RS,23,SP,2011,UDPCHU240 RS2011,6:00,,8/23/11,,forb (fern),Found_Day0,Yes,
20110823,UDP,dawn,CHU241,6,SP,2011,UDPCHU2412011,6:00,,8/23/11,,forb (fern),Found_Day0,Yes,
20110823,UDP,dawn,CHU247,52,SP,2011,UDPCHU2472011,6:00,,8/23/11,,grass,Found_Day0,Yes,
20110823,UDP,dawn,CHU249,85,SP,2011,UDPCHU2492011,6:00,,8/23/11,,grass,Found_Day0,Yes,
20110823,UDP,dawn,CHU250,16,SP,2011,UDPCHU2502011,6:00,,8/23/11,,forb,Found_Day0,Yes,
20110824,UDP,dawn,CHU254,19,AR,2011,UDPCHU2542011,6:00,,8/24/11,,grass,Found_Day0,Yes,
20110824,UDP,dawn,CHU257,76,AR,2011,UDPCHU2572011,6:00,,8/24/11,,forb,Found_Day0,Yes,
20110824,UDP,dawn,CHU258,9,AR,2011,UDPCHU2582011,6:00,,8/24/11,,grass,Found_Day0,Yes,
20110824,UDP,dawn,CHU261,20,AR,2011,UDPCHU2612011,6:00,,8/24/11,,forb,Found_Day0,Yes,
20110824,UDP,dawn,CHU266,14,AR,2011,UDPCHU2662011,6:00,,8/24/11,,forb,Found_Day0,Yes,
20110824,UDP,dawn,CHU252,138,SP,2011,UDPCHU2522011,6:00,,8/24/11,,leaf,Found_Day0,Yes,
20110824,UDP,dawn,CHU253 CS,13,SP,2011,UDPCHU253 CS2011,6:00,,8/24/11,,forb (fern),Found_Day0,Yes,
20110824,UDP,dawn,CHU255,9,SP,2011,UDPCHU2552011,6:00,,8/24/11,,forb,Found_Day0,Yes,
20110824,UDP,dawn,CHU256,112,SP,2011,UDPCHU2562011,6:00,,8/24/11,,forb,Found_Day0,Yes,
20110824,UDP,dawn,CHU259 RS,87,SP,2011,UDPCHU259 RS2011,6:00,,8/24/11,,forb,Found_Day0,Yes,
20110824,UDP,dawn,CHU260 RN,84,SP,2011,UDPCHU260 RN2011,6:00,,8/24/11,,forb,Found_Day0,Yes,
20110824,UDP,dawn,CHU262,11,SP,2011,UDPCHU2622011,6:00,,8/24/11,,forb,Found_Day0,Yes,
20110824,UDP,dawn,CHU263,15,SP,2011,UDPCHU2632011,6:00,,8/24/11,,forb,Found_Day0,Yes,
20110824,UDP,dawn,CHU265,3,SP,2011,UDPCHU2652011,6:00,,8/24/11,,forb,Found_Day0,Yes,
20110824,UDP,dawn,CHU264 CS,4,SP,2011,UDPCHU264 CS2011,6:00,,8/24/11,,forb,Found_Day0,Yes,
20110825,UDP,dawn,CHU267,22,AR,2011,UDPCHU2672011,6:00,,8/25/11,,forb,Found_Day0,Yes,
20120705,LDP,dawn,CHL1,48,AM,2012,LDPCHL12012,NA,,7/5/12,,grass,Found_Day0,Yes,
20120706,LDP,dawn,CHL2,26,AM,2012,LDPCHL22012,NA,,7/6/12,,grass,Found_Day0,Yes,
20120707,LDP,dawn,CHL3,53,AM,2012,LDPCHL32012,NA,,7/7/12,,grass,Found_Day0,Yes,
20120712,LDP,dawn,CHL4,44,JSS,2012,LDPCHL42012,NA,,7/12/12,,Grass,Found_Day0,Yes,
20120712,LDP,dawn,CHL5,54,JSS,2012,LDPCHL52012,NA,,7/12/12,,Grass,Found_Day0,Yes,
20120712,LDP,dawn,CHL6,37,JSS,2012,LDPCHL62012,NA,,7/12/12,,Grass,Found_Day0,Yes,
20120713,LDP,dawn,CHL7,31,JSS,2012,LDPCHL72012,NA,,7/13/12,,Grass,Found_Day0,Yes,
20120713,LDP,dawn,CHL8,33,JSS,2012,LDPCHL82012,NA,,7/13/12,,Grass,Found_Day0,Yes,
20120715,LDP,dawn,CHL9,68,JSS,2012,LDPCHL92012,NA,,7/15/12,,Grass,Found_Day0,Yes,
20120718,LDP,dawn,CHL10,27,JJR,2012,LDPCHL102012,NA,,7/18/12,,grass,Found_Day0,Yes,
20120718,LDP,dawn,CHL11,43,JJR,2012,LDPCHL112012,NA,,7/18/12,,grass,Found_Day0,Yes,
20120729,LDP,dawn,CHL12,38,AM,2012,LDPCHL122012,NA,,7/29/12,,grass,Found_Day0,Yes,
20120802,LDP,dawn,CHL14,39,JSS,2012,LDPCHL142012,NA,,8/2/12,,Grass,Found_Day0,Yes,
20120805,LDP,dawn,CHL15,46,JSS,2012,LDPCHL152012,NA,,8/5/12,,Grass,Found_Day0,Yes,
20120811,LDP,dawn,CHL16,49,JJR,2012,LDPCHL162012,NA,,8/11/12,,grass,Found_Day0,Yes,
20120812,LDP,dawn,CHL17,57,JJR,2012,LDPCHL172012,NA,,8/12/12,,grass,Found_Day0,Yes,
20120812,LDP,dawn,CHL18,28,JJR,2012,LDPCHL182012,NA,,8/12/12,,grass,Found_Day0,Yes,
20120813,LDP,dawn,CHL19,52,JJR,2012,LDPCHL192012,NA,,8/13/12,,grass,Found_Day0,Yes,
20120816,LDP,dawn,CHL20,67,AM,2012,LDPCHL202012,NA,,8/16/12,,grass,Found_Day0,Yes,
20120817,LDP,dawn,CHL21,51,AM,2012,LDPCHL212012,NA,,8/17/12,,grass,Found_Day0,Yes,
20120828,LDP,dawn,CHL22,16,JJR,2012,LDPCHL222012,NA,,8/28/12,,grass,Found_Day0,Yes,
20120828,LDP,dawn,CHL23,49,JJR,2012,LDPCHL232012,NA,,8/28/12,,grass,Found_Day0,Yes,
20120831,LDP,dawn,CHL24,57,JJR,2012,LDPCHL242012,NA,,8/31/12,,forb,Found_Day0,Yes,
20120904,LDP,dawn,CHL25,37,AM,2012,LDPCHL252012,NA,,9/4/12,,grass,Found_Day0,Yes,
20120905,LDP,dawn,CHL26,48,AM,2012,LDPCHL262012,NA,,9/5/12,,leaf,Found_Day0,Yes,
20120906,LDP,dawn,CHL27,89,AM,2012,LDPCHL272012,NA,,9/6/12,,forb,Found_Day0,Yes,
20120907,LDP,dawn,CHL28,50,AM,2012,LDPCHL282012,NA,,9/7/12,,grass,Found_Day0,Yes,
20120908,UDP,dawn,CHU1,36,AM,2012,UDPCHU12012,NA,,9/8/12,,forb,Found_Day0,Yes,
20120908,UDP,dawn,CHU2,27,AM,2012,UDPCHU22012,NA,,9/8/12,,forb,Found_Day0,Yes,
20120908,UDP,dawn,CHU3,14,AM,2012,UDPCHU32012,NA,,9/8/12,,forb,Found_Day0,Yes,
20120908,UDP,dawn,CHU4,17,AM,2012,UDPCHU42012,NA,,9/8/12,,forb,Found_Day0,Yes,
20120908,UDP,dawn,CHU5,12,AM,2012,UDPCHU52012,NA,,9/8/12,,forb,Found_Day0,Yes,
20120908,UDP,dawn,CHU6,12,AM,2012,UDPCHU62012,NA,,9/8/12,,forb,Found_Day0,Yes,
20120908,UDP,dawn,CHU7,39,AM,2012,UDPCHU72012,NA,,9/8/12,,forb,Found_Day0,Yes,
20120908,UDP,dawn,CHU8,22,AM,2012,UDPCHU82012,NA,,9/8/12,,forb,Found_Day0,Yes,
20120908,UDP,dawn,CHU9,8,AM,2012,UDPCHU92012,NA,,9/8/12,,forb,Found_Day0,Yes,
20120908,UDP,dawn,CHU10,27,AM,2012,UDPCHU102012,NA,,9/8/12,,forb,Found_Day0,Yes,
20120908,UDP,dawn,CHU11,37,AM,2012,UDPCHU112012,NA,,9/8/12,,forb,Found_Day0,Yes,
20120908,UDP,dawn,CHU12,33,AM,2012,UDPCHU122012,NA,,9/8/12,,forb,Found_Day0,Yes,
20120908,UDP,dawn,CHU13,21,AM,2012,UDPCHU132012,NA,,9/8/12,,forb,Found_Day0,Yes,
20120908,UDP,dawn,CHU14,43,AM,2012,UDPCHU142012,NA,,9/8/12,,forb,Found_Day0,Yes,
20120908,UDP,dawn,CHU15,52,AM,2012,UDPCHU152012,NA,,9/8/12,,forb,Found_Day0,Yes,
20120908,UDP,dawn,CHU16,49,AM,2012,UDPCHU162012,NA,,9/8/12,,forb,Found_Day0,Yes,
20120908,UDP,dawn,CHU17,5,AM,2012,UDPCHU172012,NA,,9/8/12,,forb,Found_Day0,Yes,
20120908,UDP,dawn,CHU18,20,AM,2012,UDPCHU182012,NA,,9/8/12,,forb,Found_Day0,Yes,
20120908,UDP,dawn,CHU19,19,AM,2012,UDPCHU192012,NA,,9/8/12,,forb,Found_Day0,Yes,
20120908,UDP,dawn,CHU20,6,AM,2012,UDPCHU202012,NA,,9/8/12,,forb,Found_Day0,Yes,
20120908,UDP,dawn,CHU21,22,AM,2012,UDPCHU212012,NA,,9/8/12,,grass,Found_Day0,Yes,
20120908,UDP,dawn,CHU22,12,AM,2012,UDPCHU222012,NA,,9/8/12,,forb,Found_Day0,Yes,
20120908,UDP,dawn,CHU23,22,AM,2012,UDPCHU232012,NA,,9/8/12,,forb,Found_Day0,Yes,
20120908,UDP,dawn,CHU24,25,AM,2012,UDPCHU242012,NA,,9/8/12,,forb,Found_Day0,Yes,
20120908,UDP,dawn,CHU25,9,AM,2012,UDPCHU252012,NA,,9/8/12,,forb,Found_Day0,Yes,
20120908,UDP,dawn,CHU26,31,AM,2012,UDPCHU262012,NA,,9/8/12,,forb,Found_Day0,Yes,
20120908,UDP,dawn,CHU27,24,AM,2012,UDPCHU272012,NA,,9/8/12,,forb,Found_Day0,Yes,
20120908,UDP,dawn,CHU28,12,AM,2012,UDPCHU282012,NA,,9/8/12,,forb,Found_Day0,Yes,
20120908,UDP,dawn,CHU29,17,AM,2012,UDPCHU292012,NA,,9/8/12,,forb,Found_Day0,Yes,
20120908,UDP,dawn,CHU30,23,AM,2012,UDPCHU302012,NA,,9/8/12,,forb,Found_Day0,Yes,
20120908,UDP,dawn,CHU31,10,AM,2012,UDPCHU312012,NA,,9/8/12,,forb,Found_Day0,Yes,
20120908,UDP,dawn,CHU32,5,AM,2012,UDPCHU322012,NA,,9/8/12,,forb,Found_Day0,Yes,
20120908,UDP,dawn,CHU33,29,AM,2012,UDPCHU332012,NA,,9/8/12,,forb,Found_Day0,Yes,
20120908,UDP,dawn,CHU34,16,AM,2012,UDPCHU342012,NA,,9/8/12,,forb,Found_Day0,Yes,
20120908,UDP,dawn,CHU35,18,AM,2012,UDPCHU352012,NA,,9/8/12,,forb,Found_Day0,Yes,
20120908,UDP,dawn,CHU36,13,AM,2012,UDPCHU362012,NA,,9/8/12,,forb,Found_Day0,Yes,
20120908,UDP,dawn,CHU37,19,AM,2012,UDPCHU372012,NA,,9/8/12,,forb,Found_Day0,Yes,
20120908,UDP,dawn,CHU38,25,AM,2012,UDPCHU382012,NA,,9/8/12,,forb,Found_Day0,Yes,
20120908,UDP,dawn,CHU39,11,AM,2012,UDPCHU392012,NA,,9/8/12,,forb,Found_Day0,Yes,
20120908,UDP,dawn,CHU40,18,AM,2012,UDPCHU402012,NA,,9/8/12,,forb,Found_Day0,Yes,"18 cm from ground, 50 cm from water"
20120908,UDP,dawn,CHU41,7,AM,2012,UDPCHU412012,NA,,9/8/12,,forb,Found_Day0,Yes,
20120908,UDP,dawn,CHU42,10,AM,2012,UDPCHU422012,NA,,9/8/12,,forb,Found_Day0,Yes,
20120908,UDP,dawn,CHU43,24,AM,2012,UDPCHU432012,NA,,9/8/12,,forb,Found_Day0,Yes,
20120908,UDP,dawn,CHU44,8,AM,2012,UDPCHU442012,NA,,9/8/12,,forb,Found_Day0,Yes,
20120908,UDP,dawn,CHU45,7,AM,2012,UDPCHU452012,NA,,9/8/12,,forb,Found_Day0,Yes,
20120908,UDP,dawn,CHU46,11,AM,2012,UDPCHU462012,NA,,9/8/12,,forb,Found_Day0,Yes,
20120908,UDP,dawn,CHU47,22,AM,2012,UDPCHU472012,NA,,9/8/12,,forb,Found_Day0,Yes,
20120909,UDP,dawn,CHU48,26,AM,2012,UDPCHU482012,NA,,9/9/12,,forb,Found_Day0,Yes,
20120909,UDP,dawn,CHU49,6,AM,2012,UDPCHU492012,NA,,9/9/12,,forb,Found_Day0,Yes,
20120909,UDP,dawn,CHU50,12,AM,2012,UDPCHU502012,NA,,9/9/12,,forb,Found_Day0,Yes,
20120909,UDP,dawn,CHU51,31,AM,2012,UDPCHU512012,NA,,9/9/12,,forb,Found_Day0,Yes,
20120909,UDP,dawn,CHU52,18,AM,2012,UDPCHU522012,NA,,9/9/12,,forb,Found_Day0,Yes,
20120909,UDP,dawn,CHU53,16,AM,2012,UDPCHU532012,NA,,9/9/12,,forb,Found_Day0,Yes,
20120909,UDP,dawn,CHU54,10,AM,2012,UDPCHU542012,NA,,9/9/12,,forb,Found_Day0,Yes,
20120909,UDP,dawn,CHU55,17,AM,2012,UDPCHU552012,NA,,9/9/12,,forb,Found_Day0,Yes,
20120909,UDP,dawn,CHU56,30,AM,2012,UDPCHU562012,NA,,9/9/12,,forb,Found_Day0,Yes,
20120909,UDP,dawn,CHU57,38,AM,2012,UDPCHU572012,NA,,9/9/12,,forb,Found_Day0,Yes,
20120909,UDP,dawn,CHU58,28,AM,2012,UDPCHU582012,NA,,9/9/12,,forb,Found_Day0,Yes,
20120909,UDP,dawn,CHL29,26,AM,2012,UDPCHL292012,NA,,9/9/12,,grass,Found_Day0,Yes,
20120910,UDP,dawn,CHL30,49,AM,2012,UDPCHL302012,NA,,9/10/12,,grass,Found_Day0,Yes,
20120911,UDP,dawn,CHU70,17,SP,2012,UDPCHU702012,NA,,9/11/12,,forb,Found_Day0,Yes,
20120911,UDP,dawn,CHU71,20,SP,2012,UDPCHU712012,NA,,9/11/12,,forb,Found_Day0,Yes,
20120911,UDP,dawn,CHU72,27,SP,2012,UDPCHU722012,NA,,9/11/12,,forb,Found_Day0,Yes,
20120911,UDP,dawn,CHU74A,16,SP,2012,UDPCHU74A2012,NA,,9/11/12,,na,Found_Day0,Yes,
20120911,UDP,dawn,CHU74B,10,SP,2012,UDPCHU74B2012,NA,,9/11/12,,forb,Found_Day0,Yes,
20120911,UDP,dawn,CHU75,19,SP,2012,UDPCHU752012,NA,,9/11/12,,grass,Found_Day0,Yes,"19 to ground, 15 to water"
20120911,UDP,dawn,CHU76,14,SP,2012,UDPCHU762012,NA,,9/11/12,,forb,Found_Day0,Yes,
20120911,UDP,dawn,CHU77,12,SP,2012,UDPCHU772012,NA,,9/11/12,,forb,Found_Day0,Yes,
20120911,UDP,dawn,CHU79,14,SP,2012,UDPCHU792012,NA,,9/11/12,,forb,Found_Day0,Yes,
20120911,UDP,dawn,CHU80,16,SP,2012,UDPCHU802012,NA,,9/11/12,,forb,Found_Day0,Yes,
20120912,UDP,dawn,CHU81,17,SP,2012,UDPCHU812012,NA,,9/12/12,,forb,Found_Day0,Yes,
20120912,UDP,dawn,CHU82,53,SP,2012,UDPCHU822012,NA,,9/12/12,,grass,Found_Day0,Yes,
20120912,UDP,dawn,CHU83,44,SP,2012,UDPCHU832012,NA,,9/12/12,,forb,Found_Day0,Yes,
20120912,UDP,dawn,CHU84,34,SP,2012,UDPCHU842012,NA,,9/12/12,,forb,Found_Day0,Yes,
20120912,UDP,dawn,CHU85,15,SP,2012,UDPCHU852012,NA,,9/12/12,,forb,Found_Day0,Yes,
20120912,UDP,dawn,CHU86,20,SP,2012,UDPCHU862012,NA,,9/12/12,,grass,Found_Day0,Yes,
20120912,UDP,dawn,CHU87,21,SP,2012,UDPCHU872012,NA,,9/12/12,,forb,Found_Day0,Yes,
20120912,UDP,dawn,CHU88,19,SP,2012,UDPCHU882012,NA,,9/12/12,,forb,Found_Day0,Yes,
20120912,UDP,dawn,CHU89,13,SP,2012,UDPCHU892012,NA,,9/12/12,,forb,Found_Day0,Yes,
20120912,UDP,dawn,CHU90,12,SP,2012,UDPCHU902012,NA,,9/12/12,,forb,Found_Day0,Yes,
20120912,UDP,dawn,CHU92,30,SP,2012,UDPCHU922012,NA,,9/12/12,,forb,Found_Day0,Yes,
20120912,UDP,dawn,CHU93,19,SP,2012,UDPCHU932012,NA,,9/12/12,,grass,Found_Day0,Yes,
20120912,UDP,dawn,CHU94,28,SP,2012,UDPCHU942012,NA,,9/12/12,,forb,Found_Day0,Yes,
20120912,LDP,dawn,CHL31,30,JSS,2012,LDPCHL312012,NA,,9/12/12,,Grass,Found_Day0,Yes,
20120912,LDP,dawn,CHL32,56,JSS,2012,LDPCHL322012,NA,,9/12/12,,Grass,Found_Day0,Yes,
20120913,UDP,dawn,CHU95,13,SP,2012,UDPCHU952012,NA,,9/13/12,,forb,Found_Day0,Yes,
20120913,UDP,dawn,CHU96,17,SP,2012,UDPCHU962012,NA,,9/13/12,,forb,Found_Day0,Yes,
20120913,UDP,dawn,CHU97,12,SP,2012,UDPCHU972012,NA,,9/13/12,,forb,Found_Day0,Yes,
20120913,UDP,dawn,CHU98,21,SP,2012,UDPCHU982012,NA,,9/13/12,,forb,Found_Day0,Yes,
20120913,UDP,dawn,CHU99,20,SP,2012,UDPCHU992012,NA,,9/13/12,,forb,Found_Day0,Yes,
20120913,UDP,dawn,CHU100,15,SP,2012,UDPCHU1002012,NA,,9/13/12,,forb,Found_Day0,Yes,
20120913,UDP,dawn,CHU101,12,SP,2012,UDPCHU1012012,NA,,9/13/12,,forb,Found_Day0,Yes,
20120913,UDP,dawn,CHU102,42,SP,2012,UDPCHU1022012,NA,,9/13/12,,grass,Found_Day0,Yes,
20120913,UDP,dawn,CHU103,30,SP,2012,UDPCHU1032012,NA,,9/13/12,,forb,Found_Day0,Yes,
20120913,UDP,dawn,CHU104,43,SP,2012,UDPCHU1042012,NA,,9/13/12,,grass,Found_Day0,Yes,
20120913,UDP,dawn,CHU105,18,SP,2012,UDPCHU1052012,NA,,9/13/12,,forb,Found_Day0,Yes,
20120913,LDP,dawn,CHL33,18,JSS,2012,LDPCHL332012,NA,,9/13/12,,Grass,Found_Day0,Yes,
20120914,UDP,dawn,CHU106,15,SP,2012,UDPCHU1062012,NA,,9/14/12,,forb,Found_Day0,Yes,
20120914,UDP,dawn,CHU107,25,SP,2012,UDPCHU1072012,NA,,9/14/12,,forb,Found_Day0,Yes,
20120914,UDP,dawn,CHU109,16,SP,2012,UDPCHU1092012,NA,,9/14/12,,forb,Found_Day0,Yes,
20120914,UDP,dawn,CHU110,20,SP,2012,UDPCHU1102012,NA,,9/14/12,,forb,Found_Day0,Yes,
20120914,UDP,dawn,CHU111,16,SP,2012,UDPCHU1112012,NA,,9/14/12,,forb,Found_Day0,Yes,
20120915,UDP,dawn,CHU115,24,SP,2012,UDPCHU1152012,NA,,9/15/12,,grass,Found_Day0,Yes,
20120915,UDP,dawn,CHU116,23,SP,2012,UDPCHU1162012,NA,,9/15/12,,forb,Found_Day0,Yes,
20120916,UDP,dawn,CHU118,18,SP,2012,UDPCHU1182012,NA,,9/16/12,,forb,Found_Day0,Yes,
20120916,UDP,dawn,CHU119,10,SP,2012,UDPCHU1192012,NA,,9/16/12,,forb,Found_Day0,Yes,
20120916,UDP,dawn,CHU120,21,SP,2012,UDPCHU1202012,NA,,9/16/12,,grass,Found_Day0,Yes,
20120916,UDP,dawn,CHU121,57,SP,2012,UDPCHU1212012,NA,,9/16/12,,na,Found_Day0,Yes,
20120916,UDP,dawn,CHU122,21,SP,2012,UDPCHU1222012,NA,,9/16/12,,forb,Found_Day0,Yes,
20120916,LDP,dawn,CHL34,56,JSS,2012,LDPCHL342012,NA,,9/16/12,,Grass,Found_Day0,Yes,
20120917,UDP,dawn,CHU123,34,SP,2012,UDPCHU1232012,NA,,9/17/12,,grass,Found_Day0,Yes,
20120917,UDP,dawn,CHU124,16,SP,2012,UDPCHU1242012,NA,,9/17/12,,forb,Found_Day0,Yes,
20120917,UDP,dawn,CHU125,13,SP,2012,UDPCHU1252012,NA,,9/17/12,,forb,Found_Day0,Yes,
20120917,UDP,dawn,CHU126,4,SP,2012,UDPCHU1262012,NA,,9/17/12,,forb,Found_Day0,Yes,
20120917,UDP,dawn,CHU127,33,SP,2012,UDPCHU1272012,NA,,9/17/12,,grass,Found_Day0,Yes,
20120917,UDP,dawn,CHU128,17,SP,2012,UDPCHU1282012,NA,,9/17/12,,grass,Found_Day0,Yes,
20120917,UDP,dawn,CHU129,14,SP,2012,UDPCHU1292012,NA,,9/17/12,,forb,Found_Day0,Yes,
20120917,UDP,dawn,CHU130,14,SP,2012,UDPCHU1302012,NA,,9/17/12,,forb,Found_Day0,Yes,
20120917,UDP,dawn,CHU131,11,SP,2012,UDPCHU1312012,NA,,9/17/12,,forb,Found_Day0,Yes,
20120917,UDP,dawn,CHU132,13,SP,2012,UDPCHU1322012,NA,,9/17/12,,grass,Found_Day0,Yes,
20120917,UDP,dawn,CHU133,11,SP,2012,UDPCHU1332012,NA,,9/17/12,,grass,Found_Day0,Yes,
20120917,UDP,dawn,CHU134,8,SP,2012,UDPCHU1342012,NA,,9/17/12,,grass,Found_Day0,Yes,
20120917,UDP,dawn,CHU135,29,SP,2012,UDPCHU1352012,NA,,9/17/12,,grass,Found_Day0,Yes,
20120917,UDP,dawn,CHU136,38,SP,2012,UDPCHU1362012,NA,,9/17/12,,grass,Found_Day0,Yes,
20120917,UDP,dawn,CHU137,33,SP,2012,UDPCHU1372012,NA,,9/17/12,,forb,Found_Day0,Yes,
20120917,UDP,dawn,CHU138,25,SP,2012,UDPCHU1382012,NA,,9/17/12,,grass,Found_Day0,Yes,
20120917,UDP,dawn,CHU139,30,SP,2012,UDPCHU1392012,NA,,9/17/12,,forb,Found_Day0,Yes,
20120917,UDP,dawn,CHU140,26,SP,2012,UDPCHU1402012,NA,,9/17/12,,grass,Found_Day0,Yes,
20120917,UDP,dawn,CHU141,10,SP,2012,UDPCHU1412012,NA,,9/17/12,,forb,Found_Day0,Yes,
20120917,UDP,dawn,CHU142,13,SP,2012,UDPCHU1422012,NA,,9/17/12,,forb,Found_Day0,Yes,
20120917,UDP,dawn,CHU143,31,SP,2012,UDPCHU1432012,NA,,9/17/12,,forb,Found_Day0,Yes,
20120917,UDP,dawn,CHU144,37,SP,2012,UDPCHU1442012,NA,,9/17/12,,forb,Found_Day0,Yes,
20120917,UDP,dawn,CHU145,47,SP,2012,UDPCHU1452012,NA,,9/17/12,,grass,Found_Day0,Yes,
20120917,UDP,dawn,CHU146,17,SP,2012,UDPCHU1462012,NA,,9/17/12,,grass,Found_Day0,Yes,
20120917,UDP,dawn,CHU147,27,SP,2012,UDPCHU1472012,NA,,9/17/12,,grass,Found_Day0,Yes,
20120917,UDP,dawn,CHU148,40,SP,2012,UDPCHU1482012,NA,,9/17/12,,forb,Found_Day0,Yes,
20120917,UDP,dawn,CHU149,15,SP,2012,UDPCHU1492012,NA,,9/17/12,,forb,Found_Day0,Yes,
20120917,UDP,dawn,CHU150,21,SP,2012,UDPCHU1502012,NA,,9/17/12,,grass,Found_Day0,Yes,
20120917,UDP,dawn,CHU151,11,SP,2012,UDPCHU1512012,NA,,9/17/12,,grass,Found_Day0,Yes,
20120917,UDP,dawn,CHU152,17,SP,2012,UDPCHU1522012,NA,,9/17/12,,grass,Found_Day0,Yes,
20120917,UDP,dawn,CHU153,17,SP,2012,UDPCHU1532012,NA,,9/17/12,,grass,Found_Day0,Yes,
20120917,UDP,dawn,CHU154,16,SP,2012,UDPCHU1542012,NA,,9/17/12,,grass,Found_Day0,Yes,
20120917,UDP,dawn,CHU155,12,SP,2012,UDPCHU1552012,NA,,9/17/12,,grass,Found_Day0,Yes,
20120917,UDP,dawn,CHU156,22,SP,2012,UDPCHU1562012,NA,,9/17/12,,grass,Found_Day0,Yes,
20120917,UDP,dawn,CHU157,35,SP,2012,UDPCHU1572012,NA,,9/17/12,,grass,Found_Day0,Yes,
20120917,UDP,dawn,CHU158,17,SP,2012,UDPCHU1582012,NA,,9/17/12,,forb,Found_Day0,Yes,
20120917,UDP,dawn,CHU159,26,SP,2012,UDPCHU1592012,NA,,9/17/12,,forb,Found_Day0,Yes,
20120917,UDP,dawn,CHU160,18,SP,2012,UDPCHU1602012,NA,,9/17/12,,grass,Found_Day0,Yes,
20120918,UDP,dawn,CHU161,33,SP,2012,UDPCHU1612012,NA,,9/18/12,,forb,Found_Day0,Yes,
20120918,UDP,dawn,CHU162,10,SP,2012,UDPCHU1622012,NA,,9/18/12,,forb,Found_Day0,Yes,
20120918,UDP,dawn,CHU163,14,SP,2012,UDPCHU1632012,NA,,9/18/12,,forb,Found_Day0,Yes,
20120918,UDP,dawn,CHU164,18,SP,2012,UDPCHU1642012,NA,,9/18/12,,grass,Found_Day0,Yes,
20120918,UDP,dawn,CHU165,12,SP,2012,UDPCHU1652012,NA,,9/18/12,,grass,Found_Day0,Yes,
20120918,UDP,dawn,CHU166,2,SP,2012,UDPCHU1662012,NA,,9/18/12,,grass,Found_Day0,Yes,
20120918,UDP,dawn,CHU167,44,SP,2012,UDPCHU1672012,NA,,9/18/12,,grass,Found_Day0,Yes,
20120918,UDP,dawn,CHU168,7,SP,2012,UDPCHU1682012,NA,,9/18/12,,forb,Found_Day0,Yes,
20120918,UDP,dawn,CHU169,17,SP,2012,UDPCHU1692012,NA,,9/18/12,,grass,Found_Day0,Yes,
20120918,UDP,dawn,CHU170,26,SP,2012,UDPCHU1702012,NA,,9/18/12,,grass,Found_Day0,Yes,
20120918,UDP,dawn,CHU171,11,SP,2012,UDPCHU1712012,NA,,9/18/12,,grass,Found_Day0,Yes,
20120918,UDP,dawn,CHU172,9,SP,2012,UDPCHU1722012,NA,,9/18/12,,grass,Found_Day0,Yes,
20120918,UDP,dawn,CHU173,27,SP,2012,UDPCHU1732012,NA,,9/18/12,,grass,Found_Day0,Yes,
20120918,UDP,dawn,CHU174,28,SP,2012,UDPCHU1742012,NA,,9/18/12,,grass,Found_Day0,Yes,
20120918,UDP,dawn,CHU175,24,SP,2012,UDPCHU1752012,NA,,9/18/12,,forb,Found_Day0,Yes,
20120918,UDP,dawn,CHU176,11,SP,2012,UDPCHU1762012,NA,,9/18/12,,forb,Found_Day0,Yes,
20120918,UDP,dawn,CHU177,32,SP,2012,UDPCHU1772012,NA,,9/18/12,,forb,Found_Day0,Yes,same forb leaf as CHU148
20120918,UDP,dawn,CHU178,11,SP,2012,UDPCHU1782012,NA,,9/18/12,,grass,Found_Day0,Yes,
20120918,UDP,dawn,CHU179,7,SP,2012,UDPCHU1792012,NA,,9/18/12,,grass,Found_Day0,Yes,
20120918,UDP,dawn,CHU180,12,SP,2012,UDPCHU1802012,NA,,9/18/12,,grass,Found_Day0,Yes,
20120918,UDP,dawn,CHU181,19,SP,2012,UDPCHU1812012,NA,,9/18/12,,grass,Found_Day0,Yes,
20120918,UDP,dawn,CHU182,19,SP,2012,UDPCHU1822012,NA,,9/18/12,,forb,Found_Day0,Yes,"19 to ground, 11 to water"
20120918,UDP,dawn,CHU183,31,SP,2012,UDPCHU1832012,NA,,9/18/12,,grass,Found_Day0,Yes,
20120918,UDP,dawn,CHU184,62,SP,2012,UDPCHU1842012,NA,,9/18/12,,forb,Found_Day0,Yes,"62 to ground, 43 to water"
20120918,UDP,dawn,CHU185,14,SP,2012,UDPCHU1852012,NA,,9/18/12,,grass,Found_Day0,Yes,
20120918,LDP,dawn,CHL35,61,JJR,2012,LDPCHL352012,NA,,9/18/12,,grass,Found_Day0,Yes,
20120918,LDP,dawn,CHL36,68,JJR,2012,LDPCHL362012,NA,,9/18/12,,grass,Found_Day0,Yes,
20120919,UDP,dawn,CHU187,12,SP,2012,UDPCHU1872012,NA,,9/19/12,,forb,Found_Day0,Yes,
20120919,UDP,dawn,CHU188,43,SP,2012,UDPCHU1882012,NA,,9/19/12,,grass,Found_Day0,Yes,
20120919,UDP,dawn,CHU189,31,SP,2012,UDPCHU1892012,NA,,9/19/12,,grass,Found_Day0,Yes,
20120920,UDP,dawn,CHU190,31,SP,2012,UDPCHU1902012,NA,,9/20/12,,forb,Found_Day0,Yes,
20120920,UDP,dawn,CHU191,43,SP,2012,UDPCHU1912012,NA,,9/20/12,,grass,Found_Day0,Yes,
20120920,UDP,dawn,CHU192,22,SP,2012,UDPCHU1922012,NA,,9/20/12,,grass,Found_Day0,Yes,
20120921,UDP,dawn,CHU193,24,SP,2012,UDPCHU1932012,NA,,9/21/12,,grass,Found_Day0,Yes,
20120921,UDP,dawn,CHU194,35,SP,2012,UDPCHU1942012,NA,,9/21/12,,grass,Found_Day0,Yes,
20120921,UDP,dawn,CHU195,20,SP,2012,UDPCHU1952012,NA,,9/21/12,,grass,Found_Day0,Yes,
20120922,UDP,dawn,CHU196,18,SP,2012,UDPCHU1962012,NA,,9/22/12,,grass,Found_Day0,Yes,
20120922,UDP,dawn,CHU197,41,SP,2012,UDPCHU1972012,NA,,9/22/12,,grass,Found_Day0,Yes,
20120922,UDP,dawn,CHU198,41,SP,2012,UDPCHU1982012,NA,,9/22/12,,forb,Found_Day0,Yes,
20120922,UDP,dawn,CHU199,26,SP,2012,UDPCHU1992012,NA,,9/22/12,,forb,Found_Day0,Yes,
20120922,LDP,dawn,CHL37,40,JJR,2012,LDPCHL372012,NA,,9/22/12,,grass,Found_Day0,Yes,
20120923,UDP,dawn,CHU200,30,JJR,2012,UDPCHU2002012,NA,,9/23/12,,grass,Found_Day0,Yes,"30cm to ground, 13 cm to water"
20120923,UDP,dawn,CHU201,23,JJR,2012,UDPCHU2012012,NA,,9/23/12,,grass,Found_Day0,Yes,
20120923,UDP,dawn,CHU202,41,JJR,2012,UDPCHU2022012,NA,,9/23/12,,grass,Found_Day0,Yes,
20120924,UDP,dawn,CHU203,14,SP,2012,UDPCHU2032012,NA,,9/24/12,,grass,Found_Day0,Yes,
20120924,UDP,dawn,CHU204,11,SP,2012,UDPCHU2042012,NA,,9/24/12,,forb,Found_Day0,Yes,
20120924,UDP,dawn,CHU205,8,SP,2012,UDPCHU2052012,NA,,9/24/12,,forb,Found_Day0,Yes,
20120924,UDP,dawn,CHU206,18,SP,2012,UDPCHU2062012,NA,,9/24/12,,forb,Found_Day0,Yes,
20120924,UDP,dawn,CHU207,48,SP,2012,UDPCHU2072012,NA,,9/24/12,,forb,Found_Day0,Yes,
20120924,UDP,dawn,CHU208,48,SP,2012,UDPCHU2082012,NA,,9/24/12,,forb,Found_Day0,Yes,"48 to ground, 30 to water"
20120924,UDP,dawn,CHU209,79,SP,2012,UDPCHU2092012,NA,,9/24/12,,unk,Found_Day0,Yes,"79 to ground, 9 to water"
20120925,UDP,dawn,CHU210,7,AM,2012,UDPCHU2102012,NA,,9/25/12,,forb,Found_Day0,Yes,
20120925,UDP,dawn,CHU211,20,AM,2012,UDPCHU2112012,NA,,9/25/12,,forb,Found_Day0,Yes,
20120925,UDP,dawn,CHU212,29,AM,2012,UDPCHU2122012,NA,,9/25/12,,forb,Found_Day0,Yes,
20120925,UDP,dawn,CHU213,11,AM,2012,UDPCHU2132012,NA,,9/25/12,,grass,Found_Day0,Yes,
20120925,UDP,dawn,CHU214,35,AM,2012,UDPCHU2142012,NA,,9/25/12,,grass,Found_Day0,Yes,
20120925,UDP,dawn,CHU215,38,AM,2012,UDPCHU2152012,NA,,9/25/12,,forb,Found_Day0,Yes,"38cm to ground, 78 to water"
20120925,UDP,dawn,CHU216,30,AM,2012,UDPCHU2162012,NA,,9/25/12,,forb,Found_Day0,Yes,
20120926,LDP,dawn,CHL38,40,AM,2012,LDPCHL382012,NA,,9/26/12,,grass,Found_Day0,Yes,